pip-install	0	2026-10-05T13:38:49Z	2026-10-05T13:38:52Z	/home/drakestapleton/workspace/evidence-out/ip-scratch/venv/bin/pip install -q -c constraints/ci-python.txt pytest jsonschema pyflakes -e python
schema-selfcheck	0	2026-10-05T13:38:52Z	2026-10-05T13:38:52Z	/home/drakestapleton/workspace/evidence-out/ip-scratch/venv/bin/python - <<'PYX'
import json,glob
from jsonschema import Draft202012Validator
for f in sorted(glob.glob('spec/schemas/*.json')):
    Draft202012Validator.check_schema(json.load(open(f))); print('ok', f)
PYX
fixture-validation	0	2026-10-05T13:38:52Z	2026-10-05T13:38:52Z	/home/drakestapleton/workspace/evidence-out/ip-scratch/venv/bin/python conformance/runners/validate_fixtures.py
bench-validate	0	2026-10-05T13:38:52Z	2026-10-05T13:38:52Z	/home/drakestapleton/workspace/evidence-out/ip-scratch/venv/bin/python bench/tools/validate.py --require-jsonschema
bench-validate-0.2x	0	2026-10-05T13:38:52Z	2026-10-05T13:38:52Z	/home/drakestapleton/workspace/evidence-out/ip-scratch/venv/bin/python bench/tools/validate.py --corpus 0.2x --require-jsonschema
live-injection-offline	0	2026-10-05T13:38:52Z	2026-10-05T13:38:53Z	PYTHONPATH=python PYTHONDONTWRITEBYTECODE=1 /home/drakestapleton/workspace/evidence-out/ip-scratch/venv/bin/python bench/tools/test_live_injection.py
stats-newcombe	0	2026-10-05T13:38:53Z	2026-10-05T13:38:53Z	/home/drakestapleton/workspace/evidence-out/ip-scratch/venv/bin/python bench/tools/stats.py
analyze-tests	0	2026-10-05T13:38:53Z	2026-10-05T13:38:54Z	/home/drakestapleton/workspace/evidence-out/ip-scratch/venv/bin/python bench/tools/test_analyze.py && rm -rf /home/drakestapleton/workspace/evidence-out/ip-scratch/analyze-out && /home/drakestapleton/workspace/evidence-out/ip-scratch/venv/bin/python bench/tools/analyze.py bench/tools/testdata/synthetic-run --out /home/drakestapleton/workspace/evidence-out/ip-scratch/analyze-out && diff -r /home/drakestapleton/workspace/evidence-out/ip-scratch/analyze-out bench/tools/testdata/synthetic-expected
rust-fmt	0	2026-10-05T13:38:54Z	2026-10-05T13:38:54Z	cargo fmt --all --check
rust-clippy	0	2026-10-05T13:38:54Z	2026-10-05T13:38:58Z	cargo clippy --all-targets --all-features -- -D warnings
rust-test	0	2026-10-05T13:38:58Z	2026-10-05T13:39:59Z	cargo test --all
rust-negctl-tests	0	2026-10-05T13:39:59Z	2026-10-05T13:40:04Z	cargo test -p interplane-conformance --features negative-controls
rust-conformance	0	2026-10-05T13:40:04Z	2026-10-05T13:40:07Z	cargo run -q -p interplane-conformance -- ../conformance/fixtures --out /home/drakestapleton/workspace/evidence-out/IP-OFFLINE-3fa8ee0/rust-verdicts.json
py-pyflakes	0	2026-10-05T13:40:07Z	2026-10-05T13:40:07Z	/home/drakestapleton/workspace/evidence-out/ip-scratch/venv/bin/python -m pyflakes python/interplane python/tests
py-pytest	0	2026-10-05T13:54:34Z	2026-10-05T13:55:03Z	/home/drakestapleton/workspace/evidence-out/ip-scratch/venv/bin/python -m pytest python/tests -q
py-conformance	0	2026-10-05T13:55:03Z	2026-10-05T13:55:03Z	/home/drakestapleton/workspace/evidence-out/ip-scratch/venv/bin/python -m interplane.conformance conformance/fixtures --out /home/drakestapleton/workspace/evidence-out/IP-OFFLINE-3fa8ee0/py-verdicts.json
cross-language	0	2026-10-05T13:55:03Z	2026-10-05T13:55:03Z	/home/drakestapleton/workspace/evidence-out/ip-scratch/venv/bin/python - <<'PYX'
import json,sys
r=json.load(open('/home/drakestapleton/workspace/evidence-out/IP-OFFLINE-3fa8ee0/rust-verdicts.json')); p=json.load(open('/home/drakestapleton/workspace/evidence-out/IP-OFFLINE-3fa8ee0/py-verdicts.json'))
bad=[c for c in sorted(set(r)|set(p)) if json.dumps(r.get(c),sort_keys=True)!=json.dumps(p.get(c),sort_keys=True)]
print('cases:',len(r),'mismatches:',bad); sys.exit(1 if bad or len(r)!=106 else 0)
PYX
trust-digest	0	2026-10-05T13:55:03Z	2026-10-05T13:55:03Z	/home/drakestapleton/workspace/evidence-out/ip-scratch/venv/bin/python conformance/runners/trust_digest.py --check
negctl-not-in-pipeline	0	2026-10-05T13:55:03Z	2026-10-05T13:55:03Z	! grep -rIl -E 'negctl|negative-controls|NEGCTL' rust/crates/interplane-core rust/crates/interplane-crossveil rust/crates/interplane-crossaxis rust/crates/interplane-lenshift python/interplane/core.py python/interplane/crossveil.py python/interplane/crossaxis.py python/interplane/lenshift
default-build-refuses-variant	0	2026-10-05T13:55:03Z	2026-10-05T13:55:03Z	cargo build -q -p interplane-conformance && ! grep -q NEGCTL_BUILT_IN target/debug/interplane-conformance && { rc=0; target/debug/interplane-conformance ../conformance/fixtures --out /dev/null --variant V4 || rc=$?; test "$rc" = 2; }
negctl-matrix	0	2026-10-05T13:55:03Z	2026-10-05T13:55:06Z	(cd rust && cargo run -q -p interplane-conformance --features negative-controls -- ../conformance/fixtures --matrix /home/drakestapleton/workspace/evidence-out/IP-OFFLINE-3fa8ee0/rust-matrix.json) && /home/drakestapleton/workspace/evidence-out/ip-scratch/venv/bin/python -m interplane.conformance conformance/fixtures --matrix /home/drakestapleton/workspace/evidence-out/IP-OFFLINE-3fa8ee0/py-matrix.json && cmp /home/drakestapleton/workspace/evidence-out/IP-OFFLINE-3fa8ee0/rust-matrix.json /home/drakestapleton/workspace/evidence-out/IP-OFFLINE-3fa8ee0/py-matrix.json
pkg-wheel	0	2026-10-05T13:55:06Z	2026-10-05T13:55:07Z	rm -rf /home/drakestapleton/workspace/evidence-out/ip-scratch/dist && /home/drakestapleton/workspace/evidence-out/ip-scratch/venv/bin/pip wheel -q --no-deps -w /home/drakestapleton/workspace/evidence-out/ip-scratch/dist ./python
pkg-venv-examples	0	2026-10-05T13:55:07Z	2026-10-05T13:55:09Z	rm -rf /home/drakestapleton/workspace/evidence-out/ip-scratch/v && python3 -m venv /home/drakestapleton/workspace/evidence-out/ip-scratch/v && /home/drakestapleton/workspace/evidence-out/ip-scratch/v/bin/pip install -q /home/drakestapleton/workspace/evidence-out/ip-scratch/dist/interplane-*.whl && cd /home/drakestapleton/workspace/evidence-out/ip-scratch && INTERPLANE_REQUIRE_INSTALLED=1 /home/drakestapleton/workspace/evidence-out/ip-scratch/v/bin/python /home/drakestapleton/workspace/cand2-campaign/wt-ip-offline/examples/offline/run_offline.py && INTERPLANE_REQUIRE_INSTALLED=1 /home/drakestapleton/workspace/evidence-out/ip-scratch/v/bin/python /home/drakestapleton/workspace/cand2-campaign/wt-ip-offline/examples/adapter/todo_adapter.py
pkg-wheel-vs-checkout	0	2026-10-05T13:55:09Z	2026-10-05T13:55:09Z	(cd /home/drakestapleton/workspace/evidence-out/ip-scratch && /home/drakestapleton/workspace/evidence-out/ip-scratch/v/bin/interplane-conformance /home/drakestapleton/workspace/cand2-campaign/wt-ip-offline/conformance/fixtures --out /home/drakestapleton/workspace/evidence-out/ip-scratch/wheel-verdicts.json) && PYTHONPATH=python /home/drakestapleton/workspace/evidence-out/ip-scratch/venv/bin/python -m interplane.conformance /home/drakestapleton/workspace/cand2-campaign/wt-ip-offline/conformance/fixtures --out /home/drakestapleton/workspace/evidence-out/ip-scratch/checkout-verdicts.json && cmp /home/drakestapleton/workspace/evidence-out/ip-scratch/wheel-verdicts.json /home/drakestapleton/workspace/evidence-out/ip-scratch/checkout-verdicts.json
pkg-adapter-runner	0	2026-10-05T13:55:09Z	2026-10-05T13:55:09Z	H=/home/drakestapleton/workspace/cand2-campaign/wt-ip-offline/bench/runs/home-check-20261005T1320Z; rm -rf /home/drakestapleton/workspace/evidence-out/ip-scratch/home && mkdir /home/drakestapleton/workspace/evidence-out/ip-scratch/home && cp $H/authority.py $H/table-entry.json /home/drakestapleton/workspace/evidence-out/ip-scratch/home/ && printf 'from authority import RUNTIME, POLICY, make_pipeline, HomeAuthority\n\n\ndef make_authority(**kw):\n    return HomeAuthority(**kw)\n' > /home/drakestapleton/workspace/evidence-out/ip-scratch/home/shim.py && cd /home/drakestapleton/workspace/evidence-out/ip-scratch && R="/home/drakestapleton/workspace/evidence-out/ip-scratch/v/bin/python /home/drakestapleton/workspace/cand2-campaign/wt-ip-offline/conformance/runners/adapter_runner.py --module home/shim.py --entry home/table-entry.json" && $R --out home/verdicts.json && cmp home/verdicts.json $H/verdicts.json && { if $R --no-exposure-check --out home/negctl.json; then echo negctl-passed; exit 1; fi; cmp home/negctl.json $H/verdicts-negctl.json; }
pkg-cargo-package	0	2026-10-05T13:55:09Z	2026-10-05T13:55:20Z	cargo package --workspace --locked
aien-siblings	0	2026-10-05T13:55:20Z	2026-10-05T13:55:22Z	adapters/aien/setup-siblings.sh /home/drakestapleton/workspace/cand2-campaign
aien-fmt	0	2026-10-05T13:55:22Z	2026-10-05T13:55:22Z	cargo fmt --all --check
aien-clippy	0	2026-10-05T13:55:22Z	2026-10-05T13:55:31Z	cargo clippy --all-targets -- -D warnings
aien-test	0	2026-10-05T13:55:31Z	2026-10-05T13:55:42Z	cargo test
aien-t4	0	2026-10-05T13:55:42Z	2026-10-05T13:55:42Z	T4_OUT=/home/drakestapleton/workspace/evidence-out/IP-OFFLINE-3fa8ee0/t4-verdicts.json cargo test --test t4_corpus -- --nocapture
odys-clone	0	2026-10-05T13:55:42Z	2026-10-05T13:55:45Z	[ -d /home/drakestapleton/workspace/cand2-campaign/odysseus-pin/.git ] || git clone -q https://github.com/odysseus-dev/odysseus.git /home/drakestapleton/workspace/cand2-campaign/odysseus-pin; git -C /home/drakestapleton/workspace/cand2-campaign/odysseus-pin checkout -q 2992bf6 && git -C /home/drakestapleton/workspace/cand2-campaign/odysseus-pin rev-parse HEAD
odys-pip	0	2026-10-05T13:55:45Z	2026-10-05T13:55:59Z	/home/drakestapleton/workspace/evidence-out/ip-scratch/venv/bin/pip install -q -c constraints/ci-python.txt -r /home/drakestapleton/workspace/cand2-campaign/odysseus-pin/requirements.txt pytest pyflakes
odys-pyflakes	0	2026-10-05T13:55:59Z	2026-10-05T13:55:59Z	/home/drakestapleton/workspace/evidence-out/ip-scratch/venv/bin/python -m pyflakes adapters/odysseus
odys-pytest	0	2026-10-05T13:55:59Z	2026-10-05T13:56:01Z	ODYSSEUS_SRC=/home/drakestapleton/workspace/cand2-campaign/odysseus-pin PYTHONPATH=/home/drakestapleton/workspace/cand2-campaign/wt-ip-offline/python:. PYTHONDONTWRITEBYTECODE=1 /home/drakestapleton/workspace/evidence-out/ip-scratch/venv/bin/python -m pytest tests -q -p no:cacheprovider -rs | tee /home/drakestapleton/workspace/evidence-out/IP-OFFLINE-3fa8ee0/odys-pytest.log; ! grep -q skipped /home/drakestapleton/workspace/evidence-out/IP-OFFLINE-3fa8ee0/odys-pytest.log
odys-t3	0	2026-10-05T13:56:01Z	2026-10-05T13:56:03Z	ODYSSEUS_SRC=/home/drakestapleton/workspace/cand2-campaign/odysseus-pin PYTHONPATH=/home/drakestapleton/workspace/cand2-campaign/wt-ip-offline/python:adapters/odysseus PYTHONDONTWRITEBYTECODE=1 /home/drakestapleton/workspace/evidence-out/ip-scratch/venv/bin/python -m interplane_adapter_odysseus.t3 --out /home/drakestapleton/workspace/evidence-out/IP-OFFLINE-3fa8ee0/t3-verdicts.json
bench-runner-offline	0	2026-10-05T13:56:03Z	2026-10-05T13:56:11Z	ODYSSEUS_SRC=/home/drakestapleton/workspace/cand2-campaign/odysseus-pin PYTHONDONTWRITEBYTECODE=1 /home/drakestapleton/workspace/evidence-out/ip-scratch/venv/bin/python bench/tools/test_runner_offline.py
