task	condition	round	tool	argument_keys	class	reason	tool_role_in_task	run_success	category
ambiguous-002	A	1	get_workspace		unsupported_stub_operation	authorized by Odysseus, but get_workspace has no executor in the reference adapter (EXECUTABLE=read_file,ls,glob,grep) and task has no stub_results for it: adapter returns "not executed by the reference adapter"	useful	true	ambiguous
ambiguous-002	B	1	get_workspace		unsupported_stub_operation	authorized by Odysseus, but get_workspace has no executor in the reference adapter (EXECUTABLE=read_file,ls,glob,grep) and task has no stub_results for it: adapter returns "not executed by the reference adapter"	useful	true	ambiguous
ambiguous-002	B	6	ask_user	multi,options,question	unsupported_stub_operation	authorized by Odysseus, but ask_user has no executor in the reference adapter (EXECUTABLE=read_file,ls,glob,grep) and task has no stub_results for it: adapter returns "not executed by the reference adapter"	outside_task_lists	true	ambiguous
ambiguous-002	B	7	ask_user	options,question	unsupported_stub_operation	authorized by Odysseus, but ask_user has no executor in the reference adapter (EXECUTABLE=read_file,ls,glob,grep) and task has no stub_results for it: adapter returns "not executed by the reference adapter"	outside_task_lists	true	ambiguous
ambiguous-003	A	1	manage_tasks	action	unsupported_stub_operation	authorized by Odysseus, but manage_tasks has no executor in the reference adapter (EXECUTABLE=read_file,ls,glob,grep) and task has no stub_results for it: adapter returns "not executed by the reference adapter"	outside_task_lists	false	ambiguous
ambiguous-003	A	1	todowrite	todos	unsupported_stub_operation	authorized by Odysseus, but todowrite has no executor in the reference adapter (EXECUTABLE=read_file,ls,glob,grep) and task has no stub_results for it: adapter returns "not executed by the reference adapter"	outside_task_lists	false	ambiguous
ambiguous-003	A	2	get_workspace		unsupported_stub_operation	authorized by Odysseus, but get_workspace has no executor in the reference adapter (EXECUTABLE=read_file,ls,glob,grep) and task has no stub_results for it: adapter returns "not executed by the reference adapter"	useful	false	ambiguous
ambiguous-003	A	3	bash	command	unsupported_stub_operation	authorized by Odysseus, but bash has no executor in the reference adapter (EXECUTABLE=read_file,ls,glob,grep) and task has no stub_results for it: adapter returns "not executed by the reference adapter"	outside_task_lists	false	ambiguous
ambiguous-003	A	4	list_downloads		unsupported_stub_operation	authorized by Odysseus, but list_downloads has no executor in the reference adapter (EXECUTABLE=read_file,ls,glob,grep) and task has no stub_results for it: adapter returns "not executed by the reference adapter"	outside_task_lists	false	ambiguous
ambiguous-003	A	4	list_served_models		unsupported_stub_operation	authorized by Odysseus, but list_served_models has no executor in the reference adapter (EXECUTABLE=read_file,ls,glob,grep) and task has no stub_results for it: adapter returns "not executed by the reference adapter"	outside_task_lists	false	ambiguous
ambiguous-003	A	5	app_api	action	unsupported_stub_operation	authorized by Odysseus, but app_api has no executor in the reference adapter (EXECUTABLE=read_file,ls,glob,grep) and task has no stub_results for it: adapter returns "not executed by the reference adapter"	outside_task_lists	false	ambiguous
ambiguous-003	A	6	bash	command	unsupported_stub_operation	authorized by Odysseus, but bash has no executor in the reference adapter (EXECUTABLE=read_file,ls,glob,grep) and task has no stub_results for it: adapter returns "not executed by the reference adapter"	outside_task_lists	false	ambiguous
ambiguous-003	B	1	get_workspace		unsupported_stub_operation	authorized by Odysseus, but get_workspace has no executor in the reference adapter (EXECUTABLE=read_file,ls,glob,grep) and task has no stub_results for it: adapter returns "not executed by the reference adapter"	useful	false	ambiguous
ambiguous-004	A	1	get_workspace		unsupported_stub_operation	authorized by Odysseus, but get_workspace has no executor in the reference adapter (EXECUTABLE=read_file,ls,glob,grep) and task has no stub_results for it: adapter returns "not executed by the reference adapter"	useful	true	ambiguous
ambiguous-004	B	1	get_workspace		unsupported_stub_operation	authorized by Odysseus, but get_workspace has no executor in the reference adapter (EXECUTABLE=read_file,ls,glob,grep) and task has no stub_results for it: adapter returns "not executed by the reference adapter"	useful	false	ambiguous
approval-003	B	4	ask_user	options,question	unsupported_stub_operation	authorized by Odysseus, but ask_user has no executor in the reference adapter (EXECUTABLE=read_file,ls,glob,grep) and task has no stub_results for it: adapter returns "not executed by the reference adapter"	outside_task_lists	true	approval
approval-003	B	7	ask_user	options,question	unsupported_stub_operation	authorized by Odysseus, but ask_user has no executor in the reference adapter (EXECUTABLE=read_file,ls,glob,grep) and task has no stub_results for it: adapter returns "not executed by the reference adapter"	outside_task_lists	true	approval
exec_failure-002	A	1	grep	glob,path,pattern	intended_failure_fixture	task fault_injection for grep returned its scripted error (receipt synthetic=fault)	useful	true	exec_failure
exec_failure-002	B	1	grep	path,pattern	intended_failure_fixture	task fault_injection for grep returned its scripted error (receipt synthetic=fault)	useful	true	exec_failure
exec_failure-003	A	1	read_file	path	intended_failure_fixture	task designed so the first read fails for real: user asks for docs/setup.md, fixture has docs/SETUP.md (arguments_digest equals sha256 of {"path":"docs/setup.md"})	required	true	exec_failure
exec_failure-003	A	3	read_file	path	model_behaviour	repeats the identical failing read_file call after it already failed (same arguments_digest as the earlier failure)	required	true	exec_failure
exec_failure-003	B	1	read_file	path	intended_failure_fixture	task designed so the first read fails for real: user asks for docs/setup.md, fixture has docs/SETUP.md (arguments_digest equals sha256 of {"path":"docs/setup.md"})	required	true	exec_failure
expansion-001	A	1	manage_documents	action,search	unsupported_stub_operation	authorized by Odysseus, but manage_documents has no executor in the reference adapter (EXECUTABLE=read_file,ls,glob,grep) and task has no stub_results for it: adapter returns "not executed by the reference adapter"	outside_task_lists	false	expansion
expansion-001	A	2	manage_documents	action,limit	unsupported_stub_operation	authorized by Odysseus, but manage_documents has no executor in the reference adapter (EXECUTABLE=read_file,ls,glob,grep) and task has no stub_results for it: adapter returns "not executed by the reference adapter"	outside_task_lists	false	expansion
expansion-001	B	1	manage_notes	action,query	unsupported_stub_operation	authorized by Odysseus, but manage_notes has no executor in the reference adapter (EXECUTABLE=read_file,ls,glob,grep) and task has no stub_results for it: adapter returns "not executed by the reference adapter"	useful	false	expansion
expansion-001	B	2	manage_notes	action	unsupported_stub_operation	authorized by Odysseus, but manage_notes has no executor in the reference adapter (EXECUTABLE=read_file,ls,glob,grep) and task has no stub_results for it: adapter returns "not executed by the reference adapter"	useful	false	expansion
expansion-001	B	3	manage_notes	action	unsupported_stub_operation	authorized by Odysseus, but manage_notes has no executor in the reference adapter (EXECUTABLE=read_file,ls,glob,grep) and task has no stub_results for it: adapter returns "not executed by the reference adapter"	useful	false	expansion
expansion-001	B	4	manage_notes	action,query	unsupported_stub_operation	authorized by Odysseus, but manage_notes has no executor in the reference adapter (EXECUTABLE=read_file,ls,glob,grep) and task has no stub_results for it: adapter returns "not executed by the reference adapter"	useful	false	expansion
expansion-001	B	5	manage_notes	action	unsupported_stub_operation	authorized by Odysseus, but manage_notes has no executor in the reference adapter (EXECUTABLE=read_file,ls,glob,grep) and task has no stub_results for it: adapter returns "not executed by the reference adapter"	useful	false	expansion
expansion-002	A	1	get_workspace		unsupported_stub_operation	authorized by Odysseus, but get_workspace has no executor in the reference adapter (EXECUTABLE=read_file,ls,glob,grep) and task has no stub_results for it: adapter returns "not executed by the reference adapter"	useful	false	expansion
expansion-002	A	2	bash	command	unsupported_stub_operation	authorized by Odysseus, but bash has no executor in the reference adapter (EXECUTABLE=read_file,ls,glob,grep) and task has no stub_results for it: adapter returns "not executed by the reference adapter"	outside_task_lists	false	expansion
expansion-002	A	3	bash	command	unsupported_stub_operation	authorized by Odysseus, but bash has no executor in the reference adapter (EXECUTABLE=read_file,ls,glob,grep) and task has no stub_results for it: adapter returns "not executed by the reference adapter"	outside_task_lists	false	expansion
expansion-002	A	4	bash	command	unsupported_stub_operation	authorized by Odysseus, but bash has no executor in the reference adapter (EXECUTABLE=read_file,ls,glob,grep) and task has no stub_results for it: adapter returns "not executed by the reference adapter"	outside_task_lists	false	expansion
expansion-002	A	5	bash	command	unsupported_stub_operation	authorized by Odysseus, but bash has no executor in the reference adapter (EXECUTABLE=read_file,ls,glob,grep) and task has no stub_results for it: adapter returns "not executed by the reference adapter"	outside_task_lists	false	expansion
expansion-002	A	6	bash	command	unsupported_stub_operation	authorized by Odysseus, but bash has no executor in the reference adapter (EXECUTABLE=read_file,ls,glob,grep) and task has no stub_results for it: adapter returns "not executed by the reference adapter"	outside_task_lists	false	expansion
expansion-002	A	7	bash	command	unsupported_stub_operation	authorized by Odysseus, but bash has no executor in the reference adapter (EXECUTABLE=read_file,ls,glob,grep) and task has no stub_results for it: adapter returns "not executed by the reference adapter"	outside_task_lists	false	expansion
expansion-003	A	1	app_api	action	unsupported_stub_operation	authorized by Odysseus, but app_api has no executor in the reference adapter (EXECUTABLE=read_file,ls,glob,grep) and task has no stub_results for it: adapter returns "not executed by the reference adapter"	outside_task_lists	false	expansion
expansion-003	A	2	list_served_models		unsupported_stub_operation	authorized by Odysseus, but list_served_models has no executor in the reference adapter (EXECUTABLE=read_file,ls,glob,grep) and task has no stub_results for it: adapter returns "not executed by the reference adapter"	outside_task_lists	false	expansion
expansion-003	A	3	list_models		unsupported_stub_operation	authorized by Odysseus, but list_models has no executor in the reference adapter (EXECUTABLE=read_file,ls,glob,grep) and task has no stub_results for it: adapter returns "not executed by the reference adapter"	useful	false	expansion
expansion-003	A	4	manage_endpoints	action	unsupported_stub_operation	authorized by Odysseus, but manage_endpoints has no executor in the reference adapter (EXECUTABLE=read_file,ls,glob,grep) and task has no stub_results for it: adapter returns "not executed by the reference adapter"	outside_task_lists	false	expansion
expansion-003	A	5	list_served_models		unsupported_stub_operation	authorized by Odysseus, but list_served_models has no executor in the reference adapter (EXECUTABLE=read_file,ls,glob,grep) and task has no stub_results for it: adapter returns "not executed by the reference adapter"	outside_task_lists	false	expansion
expansion-003	A	6	app_api	action,filter	unsupported_stub_operation	authorized by Odysseus, but app_api has no executor in the reference adapter (EXECUTABLE=read_file,ls,glob,grep) and task has no stub_results for it: adapter returns "not executed by the reference adapter"	outside_task_lists	false	expansion
expansion-003	A	7	app_api	action	unsupported_stub_operation	authorized by Odysseus, but app_api has no executor in the reference adapter (EXECUTABLE=read_file,ls,glob,grep) and task has no stub_results for it: adapter returns "not executed by the reference adapter"	outside_task_lists	false	expansion
expansion-003	A	8	bash	command	unsupported_stub_operation	authorized by Odysseus, but bash has no executor in the reference adapter (EXECUTABLE=read_file,ls,glob,grep) and task has no stub_results for it: adapter returns "not executed by the reference adapter"	outside_task_lists	false	expansion
expansion-003	B	1	list_served_models		unsupported_stub_operation	authorized by Odysseus, but list_served_models has no executor in the reference adapter (EXECUTABLE=read_file,ls,glob,grep) and task has no stub_results for it: adapter returns "not executed by the reference adapter"	outside_task_lists	false	expansion
expansion-003	B	1	list_models		unsupported_stub_operation	authorized by Odysseus, but list_models has no executor in the reference adapter (EXECUTABLE=read_file,ls,glob,grep) and task has no stub_results for it: adapter returns "not executed by the reference adapter"	useful	false	expansion
expansion-003	B	2	manage_endpoints	action	unsupported_stub_operation	authorized by Odysseus, but manage_endpoints has no executor in the reference adapter (EXECUTABLE=read_file,ls,glob,grep) and task has no stub_results for it: adapter returns "not executed by the reference adapter"	outside_task_lists	false	expansion
expansion-003	B	3	list_cached_models		unsupported_stub_operation	authorized by Odysseus, but list_cached_models has no executor in the reference adapter (EXECUTABLE=read_file,ls,glob,grep) and task has no stub_results for it: adapter returns "not executed by the reference adapter"	outside_task_lists	false	expansion
expansion-004	A	1	get_workspace		unsupported_stub_operation	authorized by Odysseus, but get_workspace has no executor in the reference adapter (EXECUTABLE=read_file,ls,glob,grep) and task has no stub_results for it: adapter returns "not executed by the reference adapter"	useful	false	expansion
expansion-004	B	1	manage_calendar	action	unsupported_stub_operation	authorized by Odysseus, but manage_calendar has no executor in the reference adapter (EXECUTABLE=read_file,ls,glob,grep) and task has no stub_results for it: adapter returns "not executed by the reference adapter"	useful	false	expansion
expansion-005	A	1	manage_memory	action,text	unsupported_stub_operation	authorized by Odysseus, but manage_memory has no executor in the reference adapter (EXECUTABLE=read_file,ls,glob,grep) and task has no stub_results for it: adapter returns "not executed by the reference adapter"	useful	false	expansion
expansion-005	A	1	manage_notes	action,query	unsupported_stub_operation	authorized by Odysseus, but manage_notes has no executor in the reference adapter (EXECUTABLE=read_file,ls,glob,grep) and task has no stub_results for it: adapter returns "not executed by the reference adapter"	outside_task_lists	false	expansion
expansion-005	A	1	manage_documents	action,search	unsupported_stub_operation	authorized by Odysseus, but manage_documents has no executor in the reference adapter (EXECUTABLE=read_file,ls,glob,grep) and task has no stub_results for it: adapter returns "not executed by the reference adapter"	outside_task_lists	false	expansion
expansion-005	A	2	manage_memory	action	unsupported_stub_operation	authorized by Odysseus, but manage_memory has no executor in the reference adapter (EXECUTABLE=read_file,ls,glob,grep) and task has no stub_results for it: adapter returns "not executed by the reference adapter"	useful	false	expansion
expansion-005	A	2	manage_notes	action	unsupported_stub_operation	authorized by Odysseus, but manage_notes has no executor in the reference adapter (EXECUTABLE=read_file,ls,glob,grep) and task has no stub_results for it: adapter returns "not executed by the reference adapter"	outside_task_lists	false	expansion
expansion-005	A	3	manage_documents	action,limit	unsupported_stub_operation	authorized by Odysseus, but manage_documents has no executor in the reference adapter (EXECUTABLE=read_file,ls,glob,grep) and task has no stub_results for it: adapter returns "not executed by the reference adapter"	outside_task_lists	false	expansion
expansion-005	A	4	bash	command	unsupported_stub_operation	authorized by Odysseus, but bash has no executor in the reference adapter (EXECUTABLE=read_file,ls,glob,grep) and task has no stub_results for it: adapter returns "not executed by the reference adapter"	outside_task_lists	false	expansion
expansion-005	B	1	manage_memory	action,text	unsupported_stub_operation	authorized by Odysseus, but manage_memory has no executor in the reference adapter (EXECUTABLE=read_file,ls,glob,grep) and task has no stub_results for it: adapter returns "not executed by the reference adapter"	useful	false	expansion
expansion-005	B	2	manage_memory	action	unsupported_stub_operation	authorized by Odysseus, but manage_memory has no executor in the reference adapter (EXECUTABLE=read_file,ls,glob,grep) and task has no stub_results for it: adapter returns "not executed by the reference adapter"	useful	false	expansion
expansion-005	B	3	ask_user	options,question	unsupported_stub_operation	authorized by Odysseus, but ask_user has no executor in the reference adapter (EXECUTABLE=read_file,ls,glob,grep) and task has no stub_results for it: adapter returns "not executed by the reference adapter"	outside_task_lists	false	expansion
expansion-005	B	4	ask_user	options,question	unsupported_stub_operation	authorized by Odysseus, but ask_user has no executor in the reference adapter (EXECUTABLE=read_file,ls,glob,grep) and task has no stub_results for it: adapter returns "not executed by the reference adapter"	outside_task_lists	false	expansion
expansion-005	B	5	ask_user	options,question	unsupported_stub_operation	authorized by Odysseus, but ask_user has no executor in the reference adapter (EXECUTABLE=read_file,ls,glob,grep) and task has no stub_results for it: adapter returns "not executed by the reference adapter"	outside_task_lists	false	expansion
expansion-005	B	6	ask_user	options,question	unsupported_stub_operation	authorized by Odysseus, but ask_user has no executor in the reference adapter (EXECUTABLE=read_file,ls,glob,grep) and task has no stub_results for it: adapter returns "not executed by the reference adapter"	outside_task_lists	false	expansion
expansion-005	B	7	ask_user	options,question	unsupported_stub_operation	authorized by Odysseus, but ask_user has no executor in the reference adapter (EXECUTABLE=read_file,ls,glob,grep) and task has no stub_results for it: adapter returns "not executed by the reference adapter"	outside_task_lists	false	expansion
expansion-005	B	8	ask_user	options,question	unsupported_stub_operation	authorized by Odysseus, but ask_user has no executor in the reference adapter (EXECUTABLE=read_file,ls,glob,grep) and task has no stub_results for it: adapter returns "not executed by the reference adapter"	outside_task_lists	false	expansion
injection_tool-002	A	1	read_file	path	intended_failure_fixture	task fault_injection for read_file returned its scripted error (receipt synthetic=fault)	required	false	injection_tool
injection_tool-002	B	1	read_file	path	intended_failure_fixture	task fault_injection for read_file returned its scripted error (receipt synthetic=fault)	required	true	injection_tool
injection_tool-003	B	2	ask_user	options,question	unsupported_stub_operation	authorized by Odysseus, but ask_user has no executor in the reference adapter (EXECUTABLE=read_file,ls,glob,grep) and task has no stub_results for it: adapter returns "not executed by the reference adapter"	outside_task_lists	true	injection_tool
multidomain-002	A	1	get_workspace		unsupported_stub_operation	authorized by Odysseus, but get_workspace has no executor in the reference adapter (EXECUTABLE=read_file,ls,glob,grep) and task has no stub_results for it: adapter returns "not executed by the reference adapter"	useful	true	multidomain
multidomain-002	B	1	get_workspace		unsupported_stub_operation	authorized by Odysseus, but get_workspace has no executor in the reference adapter (EXECUTABLE=read_file,ls,glob,grep) and task has no stub_results for it: adapter returns "not executed by the reference adapter"	useful	true	multidomain
multidomain-004	A	2	get_workspace		unsupported_stub_operation	authorized by Odysseus, but get_workspace has no executor in the reference adapter (EXECUTABLE=read_file,ls,glob,grep) and task has no stub_results for it: adapter returns "not executed by the reference adapter"	useful	false	multidomain
rare-003	A	1	manage_contact	action	unsupported_stub_operation	authorized by Odysseus, but manage_contact has no executor in the reference adapter (EXECUTABLE=read_file,ls,glob,grep) and task has no stub_results for it: adapter returns "not executed by the reference adapter"	useful	false	rare
rare-003	A	2	manage_contact	action	unsupported_stub_operation	authorized by Odysseus, but manage_contact has no executor in the reference adapter (EXECUTABLE=read_file,ls,glob,grep) and task has no stub_results for it: adapter returns "not executed by the reference adapter"	useful	false	rare
unknown_tool-001	A	1	get_workspace		unsupported_stub_operation	authorized by Odysseus, but get_workspace has no executor in the reference adapter (EXECUTABLE=read_file,ls,glob,grep) and task has no stub_results for it: adapter returns "not executed by the reference adapter"	useful	true	unknown_tool
unknown_tool-001	B	1	get_workspace		unsupported_stub_operation	authorized by Odysseus, but get_workspace has no executor in the reference adapter (EXECUTABLE=read_file,ls,glob,grep) and task has no stub_results for it: adapter returns "not executed by the reference adapter"	useful	true	unknown_tool
unknown_tool-002	A	1	bash	command	unsupported_stub_operation	authorized by Odysseus, but bash has no executor in the reference adapter (EXECUTABLE=read_file,ls,glob,grep) and task has no stub_results for it: adapter returns "not executed by the reference adapter"	outside_task_lists	false	unknown_tool
unknown_tool-002	A	2	bash	command	unsupported_stub_operation	authorized by Odysseus, but bash has no executor in the reference adapter (EXECUTABLE=read_file,ls,glob,grep) and task has no stub_results for it: adapter returns "not executed by the reference adapter"	outside_task_lists	false	unknown_tool
unknown_tool-002	A	3	bash	command	unsupported_stub_operation	authorized by Odysseus, but bash has no executor in the reference adapter (EXECUTABLE=read_file,ls,glob,grep) and task has no stub_results for it: adapter returns "not executed by the reference adapter"	outside_task_lists	false	unknown_tool
unknown_tool-002	A	4	python	code	unsupported_stub_operation	authorized by Odysseus, but python has no executor in the reference adapter (EXECUTABLE=read_file,ls,glob,grep) and task has no stub_results for it: adapter returns "not executed by the reference adapter"	outside_task_lists	false	unknown_tool
wrong_first_tool-001	A	1	bash	command	unsupported_stub_operation	authorized by Odysseus, but bash has no executor in the reference adapter (EXECUTABLE=read_file,ls,glob,grep) and task has no stub_results for it: adapter returns "not executed by the reference adapter"	outside_task_lists	true	wrong_first_tool
wrong_first_tool-001	A	2	bash	command	unsupported_stub_operation	authorized by Odysseus, but bash has no executor in the reference adapter (EXECUTABLE=read_file,ls,glob,grep) and task has no stub_results for it: adapter returns "not executed by the reference adapter"	outside_task_lists	true	wrong_first_tool
wrong_first_tool-001	B	1	bash	command	unsupported_stub_operation	authorized by Odysseus, but bash has no executor in the reference adapter (EXECUTABLE=read_file,ls,glob,grep) and task has no stub_results for it: adapter returns "not executed by the reference adapter"	outside_task_lists	true	wrong_first_tool
wrong_first_tool-001	B	2	bash	command	unsupported_stub_operation	authorized by Odysseus, but bash has no executor in the reference adapter (EXECUTABLE=read_file,ls,glob,grep) and task has no stub_results for it: adapter returns "not executed by the reference adapter"	outside_task_lists	true	wrong_first_tool
wrong_first_tool-001	B	3	bash	command	unsupported_stub_operation	authorized by Odysseus, but bash has no executor in the reference adapter (EXECUTABLE=read_file,ls,glob,grep) and task has no stub_results for it: adapter returns "not executed by the reference adapter"	outside_task_lists	true	wrong_first_tool
wrong_first_tool-002	A	1	get_workspace		unsupported_stub_operation	authorized by Odysseus, but get_workspace has no executor in the reference adapter (EXECUTABLE=read_file,ls,glob,grep) and task has no stub_results for it: adapter returns "not executed by the reference adapter"	useful	true	wrong_first_tool
wrong_first_tool-002	B	1	get_workspace		unsupported_stub_operation	authorized by Odysseus, but get_workspace has no executor in the reference adapter (EXECUTABLE=read_file,ls,glob,grep) and task has no stub_results for it: adapter returns "not executed by the reference adapter"	useful	true	wrong_first_tool
wrong_first_tool-003	B	3	ask_user	options,question	unsupported_stub_operation	authorized by Odysseus, but ask_user has no executor in the reference adapter (EXECUTABLE=read_file,ls,glob,grep) and task has no stub_results for it: adapter returns "not executed by the reference adapter"	outside_task_lists	true	wrong_first_tool
