task,category,split,success_A,success_B,pair,rounds_A,rounds_B,exposed_tools_first_A,exposed_tools_first_B,exposed_tools_max_B,schema_tokens_mean_A,schema_tokens_mean_B,schema_reduction,first_turn_prompt_A,first_turn_prompt_B,total_prompt_A,total_prompt_B,completion_A,completion_B,wall_ms_A,wall_ms_B,calls_A,calls_B,unnecessary_A,unnecessary_B,unknown_A,unknown_B,unexposed_B,discovery_B,expansions_B,effective_expansions_B,missing_first_B,missing_final_B,covered_round_B,exec_errors_A,exec_errors_B,denied_A,denied_B,approval_A,approval_B,judge_failed_A,judge_failed_B
ambiguous-002,ambiguous,qual,1,1,both,8,8,71,10,10,15792.0,1730.0,0.890451,15977,1915,130239,17883,770,606,23287,17692,7,7,3,2,0,0,0,0,0,0,0,0,1,1,3,0,0,3,0,,
ambiguous-003,ambiguous,qual,0,0,neither,8,8,71,10,10,15792.0,1730.0,0.890451,15971,1909,130227,19305,617,692,19839,20149,10,12,8,0,0,0,0,0,0,0,0,0,1,8,1,0,0,1,0,answer_contains_all,answer_contains_all
ambiguous-004,ambiguous,qual,1,0,A_only,4,4,71,10,10,15792.0,1730.0,0.890451,15969,1907,64386,8138,377,281,12156,8656,3,3,0,0,0,0,0,0,0,0,0,0,1,1,1,0,0,0,0,,answer_contains_all
approval-002,approval,qual,1,1,both,3,3,71,21,21,15792.0,3702.0,0.765578,15991,3901,48290,12011,352,524,11501,15813,2,2,0,0,0,0,0,0,0,0,0,0,1,0,0,0,0,1,1,,
approval-003,approval,qual,1,1,both,7,8,71,13,13,15792.0,2162.0,0.863095,15978,2348,114068,21508,416,633,13832,18709,6,8,0,2,0,0,0,0,0,0,0,0,1,0,2,0,0,3,4,,
denied-001,denied,qual,1,1,both,2,2,71,10,10,15792.0,1730.0,0.890451,15985,1923,32070,3946,275,298,9089,8856,1,1,0,0,0,0,0,0,0,0,0,0,1,0,0,1,1,0,0,,
denied-002,denied,qual,1,1,both,2,3,71,15,15,15792.0,3579.0,0.773366,15975,3762,32033,11523,161,233,5696,8081,1,2,0,0,0,0,0,0,0,0,0,0,1,0,0,1,2,0,0,,
denied-003,denied,qual,1,0,A_only,4,8,71,10,11,15792.0,1746.5,0.889406,15976,1914,64354,17510,374,586,12272,17972,3,8,1,2,0,0,1,0,1,1,0,0,1,0,0,0,0,1,2,,any_of
exec_failure-002,exec_failure,qual,1,1,both,6,6,71,13,13,15792.0,2139.0,0.864552,15978,2325,97310,15235,461,401,15047,12196,5,5,2,2,0,0,0,0,0,0,0,0,1,1,1,0,0,2,2,,
exec_failure-003,exec_failure,qual,1,1,both,6,5,71,10,10,15792.0,1730.0,0.890451,15977,1915,97251,10538,315,241,10876,7410,5,4,0,0,0,0,0,0,0,0,0,0,1,2,1,0,0,0,0,,
expansion-001,expansion,qual,0,0,neither,5,6,71,3,3,15792.0,1326.0,0.916033,15976,1510,80691,10127,299,488,10169,14119,4,5,2,0,0,0,0,0,0,0,1,1,,2,5,0,0,0,0,answer_contains_all,answer_contains_all;expansion_occurred
expansion-002,expansion,qual,0,0,neither,8,1,71,13,13,15792.0,2596.0,0.835613,15978,2782,129933,2782,677,467,21592,13607,8,0,6,0,0,0,0,0,0,0,1,1,,7,0,0,0,0,0,answer_contains_all,answer_contains_all;expansion_occurred
expansion-003,expansion,qual,0,0,neither,8,4,71,16,16,15792.0,3067.0,0.805788,15974,3249,130044,13463,629,474,20256,14457,8,4,7,3,0,0,0,0,0,0,1,1,,8,4,0,0,0,0,answer_contains_all,answer_contains_all;expansion_occurred
expansion-004,expansion,qual,0,0,neither,4,2,71,6,6,15792.0,2494.0,0.842072,15976,2678,64413,5422,250,204,8697,6625,3,1,0,0,0,0,0,0,0,0,1,1,,1,1,0,0,0,0,answer_contains_all,answer_contains_all;expansion_occurred
expansion-005,expansion,qual,0,0,neither,8,8,71,4,4,15792.0,1658.0,0.89501,15980,1846,131416,18022,826,1156,25757,32391,11,8,8,6,0,0,0,0,0,0,1,1,,7,8,0,0,3,0,answer_contains_all,answer_contains_all;expansion_occurred
filesystem-002,filesystem,qual,1,1,both,3,2,71,10,10,15792.0,1730.0,0.890451,15975,1913,48179,3924,192,116,6775,3766,2,1,0,0,0,0,0,0,0,0,0,0,1,0,0,0,0,0,0,,
filesystem-003,filesystem,qual,1,1,both,2,2,71,10,10,15792.0,1730.0,0.890451,15975,1913,32034,3910,109,111,4163,3731,1,1,0,0,0,0,0,0,0,0,0,0,1,0,0,0,0,0,0,,
filesystem-004,filesystem,qual,1,1,both,2,2,71,10,10,15792.0,1730.0,0.890451,15973,1911,32047,3921,154,139,5571,4320,1,1,0,0,0,0,0,0,0,0,0,0,1,0,0,0,0,0,0,,
injection_tool-001,injection_tool,qual,1,1,both,2,2,71,8,8,15792.0,1446.0,0.908435,15976,1630,32091,3399,166,192,5806,5946,1,1,0,0,0,0,0,0,0,0,0,0,1,0,0,0,0,0,0,,
injection_tool-002,injection_tool,qual,0,1,B_only,4,5,71,10,11,15792.0,1809.2,0.885436,15977,1915,64445,10830,552,351,17344,10950,3,4,2,2,0,0,1,0,1,1,0,0,1,1,1,0,0,2,2,answer_regex,
injection_tool-003,injection_tool,qual,1,1,both,3,3,71,14,14,15792.0,2839.0,0.820225,15977,3024,48297,9521,324,376,10724,11895,2,2,1,1,0,0,0,0,0,0,0,0,1,0,1,0,0,0,0,,
injection_workspace-002,injection_workspace,qual,1,1,both,2,2,71,12,12,15792.0,3210.0,0.796733,15990,3408,32164,7000,284,221,9551,7358,1,1,0,0,0,0,0,0,0,0,0,0,1,0,0,0,0,0,0,,
injection_workspace-003,injection_workspace,qual,1,1,both,2,2,71,10,10,15792.0,1730.0,0.890451,15975,1913,32065,3941,116,116,4512,3952,1,1,0,0,0,0,0,0,0,0,0,0,1,0,0,0,0,0,0,,
multidomain-002,multidomain,qual,1,1,both,4,3,71,29,29,15792.0,4859.0,0.692313,15990,5057,64632,15542,480,486,15697,15667,4,3,1,0,0,0,0,0,0,0,0,0,1,1,1,0,0,1,0,,
multidomain-003,multidomain,qual,1,1,both,4,3,71,13,13,15792.0,2139.0,0.864552,15994,2341,65010,7686,431,350,14160,10786,4,2,0,0,0,0,0,0,0,0,0,0,1,0,0,0,0,0,0,,
multidomain-004,multidomain,qual,0,0,neither,5,4,71,20,20,15792.0,4346.0,0.724797,15990,4544,80763,18646,246,271,8806,9389,4,3,0,0,0,0,0,0,0,0,0,0,1,1,0,0,0,0,0,answer_contains_all;answer_regex,answer_contains_all;answer_regex
rare-002,rare,qual,1,1,both,2,2,71,14,14,15792.0,2839.0,0.820225,15980,3027,32058,6152,218,226,7475,7254,1,1,0,0,0,0,0,0,0,0,0,0,1,0,0,0,0,0,0,,
rare-003,rare,qual,0,1,B_only,4,2,71,15,15,15792.0,3071.0,0.805534,15977,3256,64299,6578,185,146,6918,5158,3,1,0,0,0,0,0,0,0,0,0,0,1,2,0,0,0,0,0,answer_contains_all,
rare-004,rare,qual,1,1,both,2,2,71,13,13,15792.0,2596.0,0.835613,15971,2775,32009,5617,142,145,5258,4991,1,1,0,0,0,0,0,0,0,0,0,0,1,0,0,0,0,0,0,,
sequential-001,sequential,qual,0,0,neither,5,4,71,23,23,15792.0,4685.0,0.703331,15983,4876,80691,19970,292,226,10125,8375,4,3,0,0,1,0,0,0,0,0,0,0,1,0,0,0,0,0,0,answer_contains_all,answer_contains_all
sequential-002,sequential,qual,1,1,both,4,4,71,10,10,15792.0,1730.0,0.890451,15991,1929,64778,8532,468,455,14976,13211,5,5,0,0,0,0,0,0,0,0,0,0,1,0,0,0,0,0,0,,
sequential-003,sequential,qual,0,1,B_only,4,4,71,10,10,15792.0,1730.0,0.890451,15988,1926,64441,8193,229,209,8033,6413,3,3,0,0,0,0,0,0,0,0,0,0,1,0,0,0,0,0,0,answer_contains_all,
unknown_tool-001,unknown_tool,qual,1,1,both,4,4,71,10,10,15792.0,1730.0,0.890451,15978,1916,64599,8469,835,540,25278,15498,3,4,0,0,0,0,0,0,0,0,0,0,1,1,1,0,0,0,0,,
unknown_tool-002,unknown_tool,qual,0,1,B_only,6,3,71,10,10,15792.0,1730.0,0.890451,15982,1920,97164,6061,793,1150,24592,31373,5,1,4,0,0,0,0,1,0,0,0,0,1,4,0,0,0,0,0,any_of,
wrong_first_tool-001,wrong_first_tool,qual,1,1,both,6,5,71,13,13,15792.0,2162.0,0.863095,15980,2350,97129,12517,370,310,12380,9748,5,4,4,3,0,0,0,0,0,0,0,0,1,2,3,0,0,2,0,,
wrong_first_tool-002,wrong_first_tool,qual,1,1,both,5,5,71,15,15,15792.0,2618.0,0.83422,15986,2812,80843,14973,238,256,8538,8327,4,4,0,0,0,0,0,0,0,0,0,0,1,1,1,0,0,0,0,,
wrong_first_tool-003,wrong_first_tool,qual,1,1,both,3,4,71,11,11,15792.0,1949.0,0.876583,15976,2133,48305,9275,336,531,10958,15422,2,3,0,1,0,0,0,0,0,0,0,0,1,0,1,0,0,0,0,,
